AphiaID,scientificnameaccepted,phylum,class,order,family,genus,subgenus,benthos,endobenthos,macrobenthos,epibenthos,meiobenthos,phytobenthos,plankton,nekton,Pisces,Algae,Aves_tax,Pisces_tax,Algae_tax,Plants_tax,meio_tax,micro_tax,misc_tax
799,Nematoda,Nematoda,NA,NA,NA,NA,NA,TRUE,FALSE,FALSE,FALSE,FALSE,FALSE,FALSE,FALSE,FALSE,FALSE,NA,NA,FALSE,FALSE,TRUE,FALSE,NA
347056,Delavalia,Arthropoda,Hexanauplia,Harpacticoida,Miraciidae,Delavalia,NA,TRUE,FALSE,FALSE,FALSE,FALSE,FALSE,FALSE,FALSE,FALSE,FALSE,FALSE,FALSE,FALSE,FALSE,TRUE,FALSE,FALSE
771447,Astarte,Arthropoda,Ostracoda,NA,NA,Astarte,NA,FALSE,FALSE,FALSE,FALSE,FALSE,FALSE,FALSE,FALSE,FALSE,FALSE,FALSE,FALSE,FALSE,FALSE,TRUE,FALSE,FALSE
1078,Ostracoda,Arthropoda,Ostracoda,NA,NA,NA,NA,FALSE,FALSE,FALSE,FALSE,FALSE,FALSE,FALSE,FALSE,FALSE,FALSE,FALSE,FALSE,FALSE,FALSE,TRUE,FALSE,FALSE
1276,Tardigrada,Tardigrada,NA,NA,NA,NA,NA,TRUE,FALSE,FALSE,FALSE,FALSE,FALSE,FALSE,FALSE,FALSE,FALSE,NA,NA,FALSE,FALSE,TRUE,FALSE,NA
2078,Gastrotricha,Gastrotricha,NA,NA,NA,NA,NA,TRUE,FALSE,FALSE,FALSE,FALSE,FALSE,FALSE,FALSE,FALSE,FALSE,NA,NA,FALSE,FALSE,TRUE,FALSE,NA
101060,Kinorhyncha,Kinorhyncha,NA,NA,NA,NA,NA,TRUE,FALSE,FALSE,FALSE,FALSE,FALSE,FALSE,FALSE,FALSE,FALSE,NA,NA,FALSE,FALSE,TRUE,FALSE,NA
115168,Paramesochridae,Arthropoda,Hexanauplia,Harpacticoida,Paramesochridae,NA,NA,TRUE,FALSE,FALSE,FALSE,FALSE,FALSE,FALSE,FALSE,FALSE,FALSE,FALSE,FALSE,FALSE,FALSE,TRUE,FALSE,FALSE
115188,Ameira,Arthropoda,Hexanauplia,Harpacticoida,Ameiridae,Ameira,NA,TRUE,FALSE,FALSE,FALSE,FALSE,FALSE,FALSE,FALSE,FALSE,FALSE,FALSE,FALSE,FALSE,FALSE,TRUE,FALSE,FALSE
115195,Leptomesochra,Arthropoda,Hexanauplia,Harpacticoida,Ameiridae,Leptomesochra,NA,TRUE,FALSE,FALSE,FALSE,FALSE,FALSE,FALSE,FALSE,FALSE,FALSE,FALSE,FALSE,FALSE,FALSE,TRUE,FALSE,FALSE
115201,Parevansula,Arthropoda,Hexanauplia,Harpacticoida,Ameiridae,Parevansula,NA,TRUE,FALSE,FALSE,FALSE,FALSE,FALSE,FALSE,FALSE,FALSE,FALSE,FALSE,FALSE,FALSE,FALSE,TRUE,FALSE,FALSE
115203,Proameira,Arthropoda,Hexanauplia,Harpacticoida,Ameiridae,Proameira,NA,TRUE,FALSE,FALSE,FALSE,FALSE,FALSE,FALSE,FALSE,FALSE,FALSE,FALSE,FALSE,FALSE,FALSE,TRUE,FALSE,FALSE
115209,Sarsameira,Arthropoda,Hexanauplia,Harpacticoida,Ameiridae,Sarsameira,NA,TRUE,FALSE,FALSE,FALSE,FALSE,FALSE,FALSE,FALSE,FALSE,FALSE,FALSE,FALSE,FALSE,FALSE,TRUE,FALSE,FALSE
115210,Sicameira,Arthropoda,Hexanauplia,Harpacticoida,Ameiridae,Sicameira,NA,TRUE,FALSE,FALSE,FALSE,FALSE,FALSE,FALSE,FALSE,FALSE,FALSE,FALSE,FALSE,FALSE,FALSE,TRUE,FALSE,FALSE
115220,Arenopontia,Arthropoda,Hexanauplia,Harpacticoida,Arenopontiidae,Arenopontia,NA,TRUE,FALSE,FALSE,FALSE,FALSE,FALSE,FALSE,FALSE,FALSE,FALSE,FALSE,FALSE,FALSE,FALSE,TRUE,FALSE,FALSE
115278,Evansula,Arthropoda,Hexanauplia,Harpacticoida,Cylindropsyllidae,Evansula,NA,TRUE,FALSE,FALSE,FALSE,FALSE,FALSE,FALSE,FALSE,FALSE,FALSE,FALSE,FALSE,FALSE,FALSE,TRUE,FALSE,FALSE
115280,Stenocaris,Arthropoda,Hexanauplia,Harpacticoida,Canthocamptidae,Stenocaris,NA,TRUE,FALSE,FALSE,FALSE,FALSE,FALSE,FALSE,FALSE,FALSE,FALSE,FALSE,FALSE,FALSE,FALSE,TRUE,FALSE,FALSE
115297,Pseudomesochra,Arthropoda,Hexanauplia,Harpacticoida,Pseudotachidiidae,Pseudomesochra,NA,TRUE,FALSE,FALSE,FALSE,FALSE,FALSE,FALSE,FALSE,FALSE,FALSE,FALSE,FALSE,FALSE,FALSE,TRUE,FALSE,FALSE
115306,Bulbamphiascus,Arthropoda,Hexanauplia,Harpacticoida,Miraciidae,Bulbamphiascus,NA,TRUE,FALSE,FALSE,FALSE,FALSE,FALSE,FALSE,FALSE,FALSE,FALSE,FALSE,FALSE,FALSE,FALSE,TRUE,FALSE,FALSE
115327,Stenhelia,Arthropoda,Hexanauplia,Harpacticoida,Miraciidae,Stenhelia,NA,TRUE,FALSE,FALSE,FALSE,FALSE,FALSE,FALSE,FALSE,FALSE,FALSE,FALSE,FALSE,FALSE,FALSE,TRUE,FALSE,FALSE
115330,Arenosetella,Arthropoda,Hexanauplia,Harpacticoida,Ectinosomatidae,Arenosetella,NA,TRUE,FALSE,FALSE,FALSE,FALSE,FALSE,FALSE,FALSE,FALSE,FALSE,FALSE,FALSE,FALSE,FALSE,TRUE,FALSE,FALSE
115333,Ectinosoma,Arthropoda,Hexanauplia,Harpacticoida,Ectinosomatidae,Ectinosoma,NA,TRUE,FALSE,FALSE,FALSE,FALSE,FALSE,FALSE,FALSE,FALSE,FALSE,FALSE,FALSE,FALSE,FALSE,TRUE,FALSE,FALSE
115336,Halectinosoma,Arthropoda,Hexanauplia,Harpacticoida,Ectinosomatidae,Halectinosoma,NA,TRUE,FALSE,FALSE,FALSE,FALSE,FALSE,FALSE,FALSE,FALSE,FALSE,FALSE,FALSE,FALSE,FALSE,TRUE,FALSE,FALSE
115345,Pseudobradya,Arthropoda,Hexanauplia,Harpacticoida,Ectinosomatidae,Pseudobradya,NA,TRUE,FALSE,FALSE,FALSE,FALSE,FALSE,FALSE,FALSE,FALSE,FALSE,FALSE,FALSE,FALSE,FALSE,TRUE,FALSE,FALSE
115371,Heterolaophonte,Arthropoda,Hexanauplia,Harpacticoida,Laophontidae,Heterolaophonte,NA,TRUE,FALSE,FALSE,FALSE,FALSE,FALSE,FALSE,FALSE,FALSE,FALSE,FALSE,FALSE,FALSE,FALSE,TRUE,FALSE,FALSE
115379,Paralaophonte,Arthropoda,Hexanauplia,Harpacticoida,Laophontidae,Paralaophonte,NA,TRUE,FALSE,FALSE,FALSE,FALSE,FALSE,FALSE,FALSE,FALSE,FALSE,FALSE,FALSE,FALSE,FALSE,TRUE,FALSE,FALSE
115394,Leptastacus,Arthropoda,Hexanauplia,Harpacticoida,Leptastacidae,Leptastacus,NA,TRUE,FALSE,FALSE,FALSE,FALSE,FALSE,FALSE,FALSE,FALSE,FALSE,FALSE,FALSE,FALSE,FALSE,TRUE,FALSE,FALSE
115396,Minervella,Arthropoda,Hexanauplia,Harpacticoida,Leptastacidae,Minervella,NA,TRUE,FALSE,FALSE,FALSE,FALSE,FALSE,FALSE,FALSE,FALSE,FALSE,FALSE,FALSE,FALSE,FALSE,TRUE,FALSE,FALSE
115397,Paraleptastacus,Arthropoda,Hexanauplia,Harpacticoida,Leptastacidae,Paraleptastacus,NA,TRUE,FALSE,FALSE,FALSE,FALSE,FALSE,FALSE,FALSE,FALSE,FALSE,FALSE,FALSE,FALSE,FALSE,TRUE,FALSE,FALSE
115420,Leptopsyllus,Arthropoda,Hexanauplia,Harpacticoida,Paramesochridae,Leptopsyllus,NA,TRUE,FALSE,FALSE,FALSE,FALSE,FALSE,FALSE,FALSE,FALSE,FALSE,FALSE,FALSE,FALSE,FALSE,TRUE,FALSE,FALSE
115484,Tisbe,Arthropoda,Hexanauplia,Harpacticoida,Tisbidae,Tisbe,NA,TRUE,FALSE,FALSE,FALSE,FALSE,FALSE,FALSE,FALSE,FALSE,FALSE,FALSE,FALSE,FALSE,FALSE,TRUE,FALSE,FALSE
115517,Ameira longipes,Arthropoda,Hexanauplia,Harpacticoida,Ameiridae,Ameira,NA,TRUE,FALSE,FALSE,FALSE,FALSE,FALSE,FALSE,FALSE,FALSE,FALSE,FALSE,FALSE,FALSE,FALSE,TRUE,FALSE,FALSE
115530,Ameiropsis brevicornis,Arthropoda,Hexanauplia,Harpacticoida,Ameiridae,Ameiropsis,NA,TRUE,FALSE,FALSE,FALSE,FALSE,FALSE,FALSE,FALSE,FALSE,FALSE,FALSE,FALSE,FALSE,FALSE,TRUE,FALSE,FALSE
115533,Ameiropsis mixta,Arthropoda,Hexanauplia,Harpacticoida,Ameiridae,Ameiropsis,NA,TRUE,FALSE,FALSE,FALSE,FALSE,FALSE,FALSE,FALSE,FALSE,FALSE,FALSE,FALSE,FALSE,FALSE,TRUE,FALSE,FALSE
115541,Filexilia brevipes,Arthropoda,Hexanauplia,Harpacticoida,Ameiridae,Filexilia,NA,TRUE,FALSE,FALSE,FALSE,FALSE,FALSE,FALSE,FALSE,FALSE,FALSE,FALSE,FALSE,FALSE,FALSE,TRUE,FALSE,FALSE
115589,Proameira hiddensoensis,Arthropoda,Hexanauplia,Harpacticoida,Ameiridae,Proameira,NA,TRUE,FALSE,FALSE,FALSE,FALSE,FALSE,FALSE,FALSE,FALSE,FALSE,FALSE,FALSE,FALSE,FALSE,TRUE,FALSE,FALSE
115597,Pseudameira crassicornis,Arthropoda,Hexanauplia,Harpacticoida,Ameiridae,Pseudameira,NA,TRUE,FALSE,FALSE,FALSE,FALSE,FALSE,FALSE,FALSE,FALSE,FALSE,FALSE,FALSE,FALSE,FALSE,TRUE,FALSE,FALSE
115603,Pseudameira perplexa,Arthropoda,Hexanauplia,Harpacticoida,Ameiridae,Pseudameira,NA,TRUE,FALSE,FALSE,FALSE,FALSE,FALSE,FALSE,FALSE,FALSE,FALSE,FALSE,FALSE,FALSE,FALSE,TRUE,FALSE,FALSE
115615,Sarsameira parva,Arthropoda,Hexanauplia,Harpacticoida,Ameiridae,Sarsameira,NA,TRUE,FALSE,FALSE,FALSE,FALSE,FALSE,FALSE,FALSE,FALSE,FALSE,FALSE,FALSE,FALSE,FALSE,TRUE,FALSE,FALSE
115621,Sicameira leptoderma,Arthropoda,Hexanauplia,Harpacticoida,Ameiridae,Sicameira,NA,TRUE,FALSE,FALSE,FALSE,FALSE,FALSE,FALSE,FALSE,FALSE,FALSE,FALSE,FALSE,FALSE,FALSE,TRUE,FALSE,FALSE
115768,Cletodes limicola,Arthropoda,Hexanauplia,Harpacticoida,Cletodidae,Cletodes,NA,TRUE,FALSE,FALSE,FALSE,FALSE,FALSE,FALSE,FALSE,FALSE,FALSE,FALSE,FALSE,FALSE,FALSE,TRUE,FALSE,FALSE
115797,Strongylacron buchholtzi,Arthropoda,Hexanauplia,Harpacticoida,Cletodidae,Strongylacron,NA,TRUE,FALSE,FALSE,FALSE,FALSE,FALSE,FALSE,FALSE,FALSE,FALSE,FALSE,FALSE,FALSE,FALSE,TRUE,FALSE,FALSE
115811,Cylindropsyllus laevis,Arthropoda,Hexanauplia,Harpacticoida,Cylindropsyllidae,Cylindropsyllus,NA,TRUE,FALSE,FALSE,FALSE,FALSE,FALSE,FALSE,FALSE,FALSE,FALSE,FALSE,FALSE,FALSE,FALSE,TRUE,FALSE,FALSE
115812,Cylindropsyllus remanei,Arthropoda,Hexanauplia,Harpacticoida,Cylindropsyllidae,Cylindropsyllus,NA,TRUE,FALSE,FALSE,FALSE,FALSE,FALSE,FALSE,FALSE,FALSE,FALSE,FALSE,FALSE,FALSE,FALSE,TRUE,FALSE,FALSE
115815,Evansula pygmaea,Arthropoda,Hexanauplia,Harpacticoida,Cylindropsyllidae,Evansula,NA,TRUE,FALSE,FALSE,FALSE,FALSE,FALSE,FALSE,FALSE,FALSE,FALSE,FALSE,FALSE,FALSE,FALSE,TRUE,FALSE,FALSE
115820,Stenocaris kliei,Arthropoda,Hexanauplia,Harpacticoida,Canthocamptidae,Stenocaris,NA,TRUE,FALSE,FALSE,FALSE,FALSE,FALSE,FALSE,FALSE,FALSE,FALSE,FALSE,FALSE,FALSE,FALSE,TRUE,FALSE,FALSE
115836,Danielssenia typica,Arthropoda,Hexanauplia,Harpacticoida,Pseudotachidiidae,Danielssenia,NA,TRUE,FALSE,FALSE,FALSE,FALSE,FALSE,FALSE,FALSE,FALSE,FALSE,FALSE,FALSE,FALSE,FALSE,TRUE,FALSE,FALSE
115870,Pseudomesochra longifurcata,Arthropoda,Hexanauplia,Harpacticoida,Pseudotachidiidae,Pseudomesochra,NA,TRUE,FALSE,FALSE,FALSE,FALSE,FALSE,FALSE,FALSE,FALSE,FALSE,FALSE,FALSE,FALSE,FALSE,TRUE,FALSE,FALSE
115905,Amphiascoides subdebilis,Arthropoda,Hexanauplia,Harpacticoida,Miraciidae,Amphiascoides,NA,TRUE,FALSE,FALSE,FALSE,FALSE,FALSE,FALSE,FALSE,FALSE,FALSE,FALSE,FALSE,FALSE,FALSE,TRUE,FALSE,FALSE
115930,Bulbamphiascus imus,Arthropoda,Hexanauplia,Harpacticoida,Miraciidae,Bulbamphiascus,NA,TRUE,FALSE,FALSE,FALSE,FALSE,FALSE,FALSE,FALSE,FALSE,FALSE,FALSE,FALSE,FALSE,FALSE,TRUE,FALSE,FALSE
115938,Haloschizopera bulbifer,Arthropoda,Hexanauplia,Harpacticoida,Miraciidae,Haloschizopera,NA,TRUE,FALSE,FALSE,FALSE,FALSE,FALSE,FALSE,FALSE,FALSE,FALSE,FALSE,FALSE,FALSE,FALSE,TRUE,FALSE,FALSE
115950,Haloschizopera pygmaea,Arthropoda,Hexanauplia,Harpacticoida,Miraciidae,Haloschizopera,NA,TRUE,FALSE,FALSE,FALSE,FALSE,FALSE,FALSE,FALSE,FALSE,FALSE,FALSE,FALSE,FALSE,FALSE,TRUE,FALSE,FALSE
115970,Paramphiascella vararensis,Arthropoda,Hexanauplia,Harpacticoida,Miraciidae,Paramphiascella,NA,TRUE,FALSE,FALSE,FALSE,FALSE,FALSE,FALSE,FALSE,FALSE,FALSE,FALSE,FALSE,FALSE,FALSE,TRUE,FALSE,FALSE
115972,Paramphiascopsis longirostris,Arthropoda,Hexanauplia,Harpacticoida,Miraciidae,Paramphiascopsis,NA,TRUE,FALSE,FALSE,FALSE,FALSE,FALSE,FALSE,FALSE,FALSE,FALSE,FALSE,FALSE,FALSE,FALSE,TRUE,FALSE,FALSE
115978,Protopsammotopa norvegica,Arthropoda,Hexanauplia,Harpacticoida,Miraciidae,Protopsammotopa,NA,TRUE,FALSE,FALSE,FALSE,FALSE,FALSE,FALSE,FALSE,FALSE,FALSE,FALSE,FALSE,FALSE,FALSE,TRUE,FALSE,FALSE
115980,Psammotopa phyllosetosa,Arthropoda,Hexanauplia,Harpacticoida,Miraciidae,Psammotopa,NA,TRUE,FALSE,FALSE,FALSE,FALSE,FALSE,FALSE,FALSE,FALSE,FALSE,FALSE,FALSE,FALSE,FALSE,TRUE,FALSE,FALSE
115984,Pseudamphiascopsis herdmani,Arthropoda,Hexanauplia,Harpacticoida,Miraciidae,Pseudamphiascopsis,NA,TRUE,FALSE,FALSE,FALSE,FALSE,FALSE,FALSE,FALSE,FALSE,FALSE,FALSE,FALSE,FALSE,FALSE,TRUE,FALSE,FALSE
116041,Ectinosoma melaniceps,Arthropoda,Hexanauplia,Harpacticoida,Ectinosomatidae,Ectinosoma,NA,TRUE,FALSE,FALSE,FALSE,FALSE,FALSE,FALSE,FALSE,FALSE,FALSE,FALSE,FALSE,FALSE,FALSE,TRUE,FALSE,FALSE
116048,Ectinosoma tenuipes,Arthropoda,Hexanauplia,Harpacticoida,Ectinosomatidae,Ectinosoma,NA,TRUE,FALSE,FALSE,FALSE,FALSE,FALSE,FALSE,FALSE,FALSE,FALSE,FALSE,FALSE,FALSE,FALSE,TRUE,FALSE,FALSE
116067,Halectinosoma curticorne,Arthropoda,Hexanauplia,Harpacticoida,Ectinosomatidae,Halectinosoma,NA,TRUE,FALSE,FALSE,FALSE,FALSE,FALSE,FALSE,FALSE,FALSE,FALSE,FALSE,FALSE,FALSE,FALSE,TRUE,FALSE,FALSE
116074,Halectinosoma gothiceps,Arthropoda,Hexanauplia,Harpacticoida,Ectinosomatidae,Halectinosoma,NA,TRUE,FALSE,FALSE,FALSE,FALSE,FALSE,FALSE,FALSE,FALSE,FALSE,FALSE,FALSE,FALSE,FALSE,TRUE,FALSE,FALSE
116076,Halectinosoma herdmani,Arthropoda,Hexanauplia,Harpacticoida,Ectinosomatidae,Halectinosoma,NA,TRUE,FALSE,FALSE,FALSE,FALSE,FALSE,FALSE,FALSE,FALSE,FALSE,FALSE,FALSE,FALSE,FALSE,TRUE,FALSE,FALSE
116140,Pseudobradya minor,Arthropoda,Hexanauplia,Harpacticoida,Ectinosomatidae,Pseudobradya,NA,TRUE,FALSE,FALSE,FALSE,FALSE,FALSE,FALSE,FALSE,FALSE,FALSE,FALSE,FALSE,FALSE,FALSE,TRUE,FALSE,FALSE
116146,Pseudobradya pulchella,Arthropoda,Hexanauplia,Harpacticoida,Ectinosomatidae,Pseudobradya,NA,TRUE,FALSE,FALSE,FALSE,FALSE,FALSE,FALSE,FALSE,FALSE,FALSE,FALSE,FALSE,FALSE,FALSE,TRUE,FALSE,FALSE
116162,Euterpina acutifrons,Arthropoda,Hexanauplia,Harpacticoida,Tachidiidae,Euterpina,NA,TRUE,FALSE,FALSE,FALSE,FALSE,FALSE,FALSE,FALSE,FALSE,FALSE,FALSE,FALSE,FALSE,FALSE,TRUE,FALSE,FALSE
116217,Asellopsis intermedia,Arthropoda,Hexanauplia,Harpacticoida,Laophontidae,Asellopsis,NA,TRUE,FALSE,FALSE,FALSE,FALSE,FALSE,FALSE,FALSE,FALSE,FALSE,FALSE,FALSE,FALSE,FALSE,TRUE,FALSE,FALSE
116259,Laophonte cornuta,Arthropoda,Hexanauplia,Harpacticoida,Laophontidae,Laophonte,NA,TRUE,FALSE,FALSE,FALSE,FALSE,FALSE,FALSE,FALSE,FALSE,FALSE,FALSE,FALSE,FALSE,FALSE,TRUE,FALSE,FALSE
116278,Laophonte thoracica,Arthropoda,Hexanauplia,Harpacticoida,Laophontidae,Laophonte,NA,TRUE,FALSE,FALSE,FALSE,FALSE,FALSE,FALSE,FALSE,FALSE,FALSE,FALSE,FALSE,FALSE,FALSE,TRUE,FALSE,FALSE
116289,Paralaophonte brevirostris,Arthropoda,Hexanauplia,Harpacticoida,Laophontidae,Paralaophonte,NA,TRUE,FALSE,FALSE,FALSE,FALSE,FALSE,FALSE,FALSE,FALSE,FALSE,FALSE,FALSE,FALSE,FALSE,TRUE,FALSE,FALSE
116320,Pseudonychocamptus koreni,Arthropoda,Hexanauplia,Harpacticoida,Laophontidae,Pseudonychocamptus,NA,TRUE,FALSE,FALSE,FALSE,FALSE,FALSE,FALSE,FALSE,FALSE,FALSE,FALSE,FALSE,FALSE,FALSE,TRUE,FALSE,FALSE
116322,Pseudonychocamptus proximus,Arthropoda,Hexanauplia,Harpacticoida,Laophontidae,Pseudonychocamptus,NA,TRUE,FALSE,FALSE,FALSE,FALSE,FALSE,FALSE,FALSE,FALSE,FALSE,FALSE,FALSE,FALSE,FALSE,TRUE,FALSE,FALSE
116333,Arenocaris bifida,Arthropoda,Hexanauplia,Harpacticoida,Leptastacidae,Arenocaris,NA,TRUE,FALSE,FALSE,FALSE,FALSE,FALSE,FALSE,FALSE,FALSE,FALSE,FALSE,FALSE,FALSE,FALSE,TRUE,FALSE,FALSE
116337,Leptastacus laticaudatus,Arthropoda,Hexanauplia,Harpacticoida,Leptastacidae,Leptastacus,NA,TRUE,FALSE,FALSE,FALSE,FALSE,FALSE,FALSE,FALSE,FALSE,FALSE,FALSE,FALSE,FALSE,FALSE,TRUE,FALSE,FALSE
116346,Paraleptastacus espinulatus,Arthropoda,Hexanauplia,Harpacticoida,Leptastacidae,Paraleptastacus,NA,TRUE,FALSE,FALSE,FALSE,FALSE,FALSE,FALSE,FALSE,FALSE,FALSE,FALSE,FALSE,FALSE,FALSE,TRUE,FALSE,FALSE
116347,Paraleptastacus holsaticus,Arthropoda,Hexanauplia,Harpacticoida,Leptastacidae,Paraleptastacus,NA,TRUE,FALSE,FALSE,FALSE,FALSE,FALSE,FALSE,FALSE,FALSE,FALSE,FALSE,FALSE,FALSE,FALSE,TRUE,FALSE,FALSE
116359,Leptopontia curvicauda,Arthropoda,Hexanauplia,Harpacticoida,Leptopontiidae,Leptopontia,NA,TRUE,FALSE,FALSE,FALSE,FALSE,FALSE,FALSE,FALSE,FALSE,FALSE,FALSE,FALSE,FALSE,FALSE,TRUE,FALSE,FALSE
116409,Apodopsyllus littoralis,Arthropoda,Hexanauplia,Harpacticoida,Paramesochridae,Apodopsyllus,NA,TRUE,FALSE,FALSE,FALSE,FALSE,FALSE,FALSE,FALSE,FALSE,FALSE,FALSE,FALSE,FALSE,FALSE,TRUE,FALSE,FALSE
116412,Apodopsyllus spinipes,Arthropoda,Hexanauplia,Harpacticoida,Paramesochridae,Apodopsyllus,NA,TRUE,FALSE,FALSE,FALSE,FALSE,FALSE,FALSE,FALSE,FALSE,FALSE,FALSE,FALSE,FALSE,FALSE,TRUE,FALSE,FALSE
116438,Paramesochra mielkei,Arthropoda,Hexanauplia,Harpacticoida,Paramesochridae,Paramesochra,NA,TRUE,FALSE,FALSE,FALSE,FALSE,FALSE,FALSE,FALSE,FALSE,FALSE,FALSE,FALSE,FALSE,FALSE,TRUE,FALSE,FALSE
116561,Dactylopusia tisboides,Arthropoda,Hexanauplia,Harpacticoida,Dactylopusiidae,Dactylopusia,NA,TRUE,FALSE,FALSE,FALSE,FALSE,FALSE,FALSE,FALSE,FALSE,FALSE,FALSE,FALSE,FALSE,FALSE,TRUE,FALSE,FALSE
116648,Tachidiella minuta,Arthropoda,Hexanauplia,Harpacticoida,Idyanthidae,Tachidiella,NA,TRUE,FALSE,FALSE,FALSE,FALSE,FALSE,FALSE,FALSE,FALSE,FALSE,FALSE,FALSE,FALSE,FALSE,TRUE,FALSE,FALSE
116650,Tachidiopsis cyclopoides,Arthropoda,Hexanauplia,Harpacticoida,Neobradyidae,Tachidiopsis,NA,TRUE,FALSE,FALSE,FALSE,FALSE,FALSE,FALSE,FALSE,FALSE,FALSE,FALSE,FALSE,FALSE,FALSE,TRUE,FALSE,FALSE
116700,Zosime typica,Arthropoda,Hexanauplia,Harpacticoida,Zosimeidae,Zosime,NA,TRUE,FALSE,FALSE,FALSE,FALSE,FALSE,FALSE,FALSE,FALSE,FALSE,FALSE,FALSE,FALSE,FALSE,TRUE,FALSE,FALSE
116806,Scottopsyllus (Intermediopsyllus) intermedius,Arthropoda,Hexanauplia,Harpacticoida,Paramesochridae,Scottopsyllus,Intermediopsyllus,FALSE,FALSE,FALSE,FALSE,FALSE,FALSE,FALSE,FALSE,FALSE,FALSE,FALSE,FALSE,FALSE,FALSE,TRUE,FALSE,FALSE
116839,Pseudameira mixta mixta,Arthropoda,Hexanauplia,Harpacticoida,Ameiridae,Pseudameira,NA,TRUE,FALSE,FALSE,FALSE,FALSE,FALSE,FALSE,FALSE,FALSE,FALSE,FALSE,FALSE,FALSE,FALSE,TRUE,FALSE,FALSE
116858,Arenosetella germanica germanica,Arthropoda,Hexanauplia,Harpacticoida,Ectinosomatidae,Arenosetella,NA,TRUE,FALSE,FALSE,FALSE,FALSE,FALSE,FALSE,FALSE,FALSE,FALSE,FALSE,FALSE,FALSE,FALSE,TRUE,FALSE,FALSE
116861,Pseudobradya beduina beduina,Arthropoda,Hexanauplia,Harpacticoida,Ectinosomatidae,Pseudobradya,NA,TRUE,FALSE,FALSE,FALSE,FALSE,FALSE,FALSE,FALSE,FALSE,FALSE,FALSE,FALSE,FALSE,FALSE,TRUE,FALSE,FALSE
116871,Heterolaophonte stroemii stroemii,Arthropoda,Hexanauplia,Harpacticoida,Laophontidae,Heterolaophonte,NA,TRUE,FALSE,FALSE,FALSE,FALSE,FALSE,FALSE,FALSE,FALSE,FALSE,FALSE,FALSE,FALSE,FALSE,TRUE,FALSE,FALSE
116886,Diarthrodella secunda secunda,Arthropoda,Hexanauplia,Harpacticoida,Paramesochridae,Diarthrodella,NA,TRUE,FALSE,FALSE,FALSE,FALSE,FALSE,FALSE,FALSE,FALSE,FALSE,FALSE,FALSE,FALSE,FALSE,TRUE,FALSE,FALSE
116887,Kliopsyllus constrictus constrictus,Arthropoda,Hexanauplia,Harpacticoida,Paramesochridae,Kliopsyllus,NA,FALSE,FALSE,FALSE,FALSE,FALSE,FALSE,FALSE,FALSE,FALSE,FALSE,FALSE,FALSE,FALSE,FALSE,TRUE,FALSE,FALSE
116894,Paramesochra helgolandica helgolandica,Arthropoda,Hexanauplia,Harpacticoida,Paramesochridae,Paramesochra,NA,TRUE,FALSE,FALSE,FALSE,FALSE,FALSE,FALSE,FALSE,FALSE,FALSE,FALSE,FALSE,FALSE,FALSE,TRUE,FALSE,FALSE
149916,Sarsameira exilis,Arthropoda,Hexanauplia,Harpacticoida,Ameiridae,Sarsameira,NA,TRUE,FALSE,FALSE,FALSE,FALSE,FALSE,FALSE,FALSE,FALSE,FALSE,FALSE,FALSE,FALSE,FALSE,TRUE,FALSE,FALSE
150105,Halectinosoma sarsii,Arthropoda,Hexanauplia,Harpacticoida,Ectinosomatidae,Halectinosoma,NA,TRUE,FALSE,FALSE,FALSE,FALSE,FALSE,FALSE,FALSE,FALSE,FALSE,FALSE,FALSE,FALSE,FALSE,TRUE,FALSE,FALSE
157723,Stenhelia gibba,Arthropoda,Hexanauplia,Harpacticoida,Miraciidae,Stenhelia,NA,TRUE,FALSE,FALSE,FALSE,FALSE,FALSE,FALSE,FALSE,FALSE,FALSE,FALSE,FALSE,FALSE,FALSE,TRUE,FALSE,FALSE
347109,Emertonia,Arthropoda,Hexanauplia,Harpacticoida,Paramesochridae,Emertonia,NA,TRUE,FALSE,FALSE,FALSE,FALSE,FALSE,FALSE,FALSE,FALSE,FALSE,FALSE,FALSE,FALSE,FALSE,TRUE,FALSE,FALSE
349205,Beatricella aemula,Arthropoda,Hexanauplia,Harpacticoida,Miraciidae,Beatricella,NA,TRUE,FALSE,FALSE,FALSE,FALSE,FALSE,FALSE,FALSE,FALSE,FALSE,FALSE,FALSE,FALSE,FALSE,TRUE,FALSE,FALSE
349407,Bradya scotti,Arthropoda,Hexanauplia,Harpacticoida,Ectinosomatidae,Bradya,NA,TRUE,FALSE,FALSE,FALSE,FALSE,FALSE,FALSE,FALSE,FALSE,FALSE,FALSE,FALSE,FALSE,FALSE,TRUE,FALSE,FALSE
349410,Bradya typica,Arthropoda,Hexanauplia,Harpacticoida,Ectinosomatidae,Bradya,NA,TRUE,FALSE,FALSE,FALSE,FALSE,FALSE,FALSE,FALSE,FALSE,FALSE,FALSE,FALSE,FALSE,FALSE,TRUE,FALSE,FALSE
352826,Leptomesochra eulitoralis,Arthropoda,Hexanauplia,Harpacticoida,Ameiridae,Leptomesochra,NA,TRUE,FALSE,FALSE,FALSE,FALSE,FALSE,FALSE,FALSE,FALSE,FALSE,FALSE,FALSE,FALSE,FALSE,TRUE,FALSE,FALSE
352830,Leptomesochra tenuicornis,Arthropoda,Hexanauplia,Harpacticoida,Ameiridae,Leptomesochra,NA,TRUE,FALSE,FALSE,FALSE,FALSE,FALSE,FALSE,FALSE,FALSE,FALSE,FALSE,FALSE,FALSE,FALSE,TRUE,FALSE,FALSE
357058,Amphiascus parvulus,Arthropoda,Hexanauplia,Harpacticoida,Miraciidae,Amphiascus,NA,TRUE,FALSE,FALSE,FALSE,FALSE,FALSE,FALSE,FALSE,FALSE,FALSE,FALSE,FALSE,FALSE,FALSE,TRUE,FALSE,FALSE
359891,Paraleptastacus spinicaudus,Arthropoda,Hexanauplia,Harpacticoida,Leptastacidae,Paraleptastacus,NA,TRUE,FALSE,FALSE,FALSE,FALSE,FALSE,FALSE,FALSE,FALSE,FALSE,FALSE,FALSE,FALSE,FALSE,TRUE,FALSE,FALSE
365663,Emertonia coelebs,Arthropoda,Hexanauplia,Harpacticoida,Paramesochridae,Emertonia,NA,TRUE,FALSE,FALSE,FALSE,FALSE,FALSE,FALSE,FALSE,FALSE,FALSE,FALSE,FALSE,FALSE,FALSE,TRUE,FALSE,FALSE
366423,Vermicaris minuta,Arthropoda,Hexanauplia,Harpacticoida,Cylindropsyllidae,Vermicaris,NA,TRUE,FALSE,FALSE,FALSE,FALSE,FALSE,FALSE,FALSE,FALSE,FALSE,FALSE,FALSE,FALSE,FALSE,TRUE,FALSE,FALSE
534122,Rhizothrix,Arthropoda,Hexanauplia,Harpacticoida,Rhizotrichidae,Rhizothrix,NA,TRUE,FALSE,FALSE,FALSE,FALSE,FALSE,FALSE,FALSE,FALSE,FALSE,FALSE,FALSE,FALSE,FALSE,TRUE,FALSE,FALSE
534160,Emertonia paraholsatica,Arthropoda,Hexanauplia,Harpacticoida,Paramesochridae,Emertonia,NA,TRUE,FALSE,FALSE,FALSE,FALSE,FALSE,FALSE,FALSE,FALSE,FALSE,FALSE,FALSE,FALSE,FALSE,TRUE,FALSE,FALSE
549166,Glabrotelson,Arthropoda,Hexanauplia,Harpacticoida,Ectinosomatidae,Glabrotelson,NA,FALSE,FALSE,FALSE,FALSE,FALSE,FALSE,FALSE,FALSE,FALSE,FALSE,FALSE,FALSE,FALSE,FALSE,TRUE,FALSE,FALSE
582525,Paralaophonte congenera congenera,Arthropoda,Hexanauplia,Harpacticoida,Laophontidae,Paralaophonte,NA,TRUE,FALSE,FALSE,FALSE,FALSE,FALSE,FALSE,FALSE,FALSE,FALSE,FALSE,FALSE,FALSE,FALSE,TRUE,FALSE,FALSE
590790,Laophonte longicaudata longicaudata,Arthropoda,Hexanauplia,Harpacticoida,Laophontidae,Laophonte,NA,TRUE,FALSE,FALSE,FALSE,FALSE,FALSE,FALSE,FALSE,FALSE,FALSE,FALSE,FALSE,FALSE,FALSE,TRUE,FALSE,FALSE
724242,Halectinosoma chrystali,Arthropoda,Hexanauplia,Harpacticoida,Ectinosomatidae,Halectinosoma,NA,TRUE,FALSE,FALSE,FALSE,FALSE,FALSE,FALSE,FALSE,FALSE,FALSE,FALSE,FALSE,FALSE,FALSE,TRUE,FALSE,FALSE
724247,Emertonia holsatica holsatica,Arthropoda,Hexanauplia,Harpacticoida,Paramesochridae,Emertonia,NA,TRUE,FALSE,FALSE,FALSE,FALSE,FALSE,FALSE,FALSE,FALSE,FALSE,FALSE,FALSE,FALSE,FALSE,TRUE,FALSE,FALSE
729901,Wellsopsyllus (Wellsopsyllus) gigas,Arthropoda,Hexanauplia,Harpacticoida,Paramesochridae,Wellsopsyllus,Wellsopsyllus,TRUE,FALSE,FALSE,FALSE,FALSE,FALSE,FALSE,FALSE,FALSE,FALSE,FALSE,FALSE,FALSE,FALSE,TRUE,FALSE,FALSE
729905,Wellsopsyllus (Scottopsyllus) minor,Arthropoda,Hexanauplia,Harpacticoida,Paramesochridae,Wellsopsyllus,Scottopsyllus,TRUE,FALSE,FALSE,FALSE,FALSE,FALSE,FALSE,FALSE,FALSE,FALSE,FALSE,FALSE,FALSE,FALSE,TRUE,FALSE,FALSE
745863,Normanella mucronata mucronata,Arthropoda,Hexanauplia,Harpacticoida,Normanellidae,Normanella,NA,TRUE,FALSE,FALSE,FALSE,FALSE,FALSE,FALSE,FALSE,FALSE,FALSE,FALSE,FALSE,FALSE,FALSE,TRUE,FALSE,FALSE
111878,Lagotia viridis,Ciliophora,Heterotrichea,Heterotrichida,Folliculinidae,Lagotia,NA,TRUE,FALSE,FALSE,FALSE,FALSE,FALSE,FALSE,FALSE,FALSE,FALSE,FALSE,FALSE,FALSE,FALSE,TRUE,FALSE,FALSE
1102,Harpacticoida,Arthropoda,Hexanauplia,Harpacticoida,NA,NA,NA,TRUE,FALSE,FALSE,FALSE,FALSE,FALSE,FALSE,FALSE,FALSE,FALSE,FALSE,FALSE,FALSE,FALSE,TRUE,FALSE,FALSE
1091,Podocopida,Arthropoda,Ostracoda,Podocopida,NA,NA,NA,TRUE,FALSE,FALSE,FALSE,FALSE,FALSE,FALSE,FALSE,FALSE,FALSE,FALSE,FALSE,FALSE,FALSE,TRUE,FALSE,FALSE
2104,Myodocopida,Arthropoda,Ostracoda,Myodocopida,NA,NA,NA,FALSE,FALSE,FALSE,FALSE,FALSE,FALSE,FALSE,FALSE,FALSE,FALSE,FALSE,FALSE,FALSE,FALSE,TRUE,FALSE,FALSE
115427,Alteutha,Arthropoda,Hexanauplia,Harpacticoida,Peltidiidae,Alteutha,NA,TRUE,FALSE,FALSE,FALSE,FALSE,FALSE,FALSE,FALSE,FALSE,FALSE,FALSE,FALSE,FALSE,FALSE,TRUE,FALSE,FALSE
127524,Philomedes,Arthropoda,Ostracoda,Myodocopida,Philomedidae,Philomedes,NA,FALSE,FALSE,FALSE,FALSE,FALSE,FALSE,FALSE,FALSE,FALSE,FALSE,FALSE,FALSE,FALSE,FALSE,TRUE,FALSE,FALSE
128371,Carinocythereis carinata,Arthropoda,Ostracoda,Podocopida,Trachyleberididae,Carinocythereis,NA,TRUE,FALSE,FALSE,FALSE,FALSE,FALSE,FALSE,FALSE,FALSE,FALSE,FALSE,FALSE,FALSE,FALSE,TRUE,FALSE,FALSE
127689,Propontocypris,Arthropoda,Ostracoda,Podocopida,Pontocyprididae,Propontocypris,NA,TRUE,FALSE,FALSE,FALSE,FALSE,FALSE,FALSE,FALSE,FALSE,FALSE,FALSE,FALSE,FALSE,FALSE,TRUE,FALSE,FALSE
1692,Folliculinidae,Ciliophora,Heterotrichea,Heterotrichida,Folliculinidae,NA,NA,TRUE,FALSE,FALSE,FALSE,FALSE,FALSE,FALSE,FALSE,FALSE,FALSE,FALSE,FALSE,FALSE,FALSE,TRUE,FALSE,FALSE
127866,Euphilomedes sinister,Arthropoda,Ostracoda,Myodocopida,Philomedidae,Euphilomedes,NA,FALSE,FALSE,FALSE,FALSE,FALSE,FALSE,FALSE,FALSE,FALSE,FALSE,FALSE,FALSE,FALSE,FALSE,TRUE,FALSE,FALSE
238708,Cylindroleberis mariae,Arthropoda,Ostracoda,Myodocopida,Cylindroleberididae,Cylindroleberis,NA,FALSE,FALSE,FALSE,FALSE,FALSE,FALSE,FALSE,FALSE,FALSE,FALSE,FALSE,FALSE,FALSE,FALSE,TRUE,FALSE,FALSE
2581,Pontonema,Nematoda,Enoplea,Enoplida,Oncholaimidae,Pontonema,NA,TRUE,FALSE,FALSE,FALSE,FALSE,FALSE,FALSE,FALSE,FALSE,FALSE,FALSE,FALSE,FALSE,FALSE,TRUE,FALSE,FALSE
115163,Miraciidae,Arthropoda,Hexanauplia,Harpacticoida,Miraciidae,NA,NA,TRUE,FALSE,FALSE,FALSE,FALSE,FALSE,FALSE,FALSE,FALSE,FALSE,FALSE,FALSE,FALSE,FALSE,TRUE,FALSE,FALSE
146873,Cyprididae,Arthropoda,Ostracoda,Podocopida,Cyprididae,NA,NA,TRUE,FALSE,FALSE,FALSE,FALSE,FALSE,FALSE,FALSE,FALSE,FALSE,FALSE,FALSE,FALSE,FALSE,TRUE,FALSE,FALSE
114505,Chaetonotus variosquamatus,Gastrotricha,NA,Chaetonotida,Chaetonotidae,Chaetonotus,NA,TRUE,FALSE,FALSE,FALSE,FALSE,FALSE,FALSE,FALSE,FALSE,FALSE,NA,NA,FALSE,FALSE,TRUE,FALSE,NA
463376,Propontocypris trigonella,Arthropoda,Ostracoda,Podocopida,Pontocyprididae,Propontocypris,NA,TRUE,FALSE,FALSE,FALSE,FALSE,FALSE,FALSE,FALSE,FALSE,FALSE,FALSE,FALSE,FALSE,FALSE,TRUE,FALSE,FALSE
127986,Cyprideis torosa,Arthropoda,Ostracoda,Podocopida,Cytherideidae,Cyprideis,NA,TRUE,FALSE,FALSE,FALSE,FALSE,FALSE,FALSE,FALSE,FALSE,FALSE,FALSE,FALSE,FALSE,FALSE,TRUE,FALSE,FALSE
128389,Pterygocythereis jonesii,Arthropoda,Ostracoda,Podocopida,Trachyleberididae,Pterygocythereis,NA,TRUE,FALSE,FALSE,FALSE,FALSE,FALSE,FALSE,FALSE,FALSE,FALSE,FALSE,FALSE,FALSE,FALSE,TRUE,FALSE,FALSE
146869,Cylindroleberis,Arthropoda,Ostracoda,Myodocopida,Cylindroleberididae,Cylindroleberis,NA,FALSE,FALSE,FALSE,FALSE,FALSE,FALSE,FALSE,FALSE,FALSE,FALSE,FALSE,FALSE,FALSE,FALSE,TRUE,FALSE,FALSE
127896,Eusarsiella zostericola,Arthropoda,Ostracoda,Myodocopida,Sarsiellidae,Eusarsiella,NA,FALSE,FALSE,FALSE,FALSE,FALSE,FALSE,FALSE,FALSE,FALSE,FALSE,FALSE,FALSE,FALSE,FALSE,TRUE,FALSE,FALSE
115433,Porcellidium,Arthropoda,Hexanauplia,Harpacticoida,Porcellidiidae,Porcellidium,NA,TRUE,FALSE,FALSE,FALSE,FALSE,FALSE,FALSE,FALSE,FALSE,FALSE,FALSE,FALSE,FALSE,FALSE,TRUE,FALSE,FALSE
2433,Sabatieria,Nematoda,Chromadorea,Araeolaimida,Comesomatidae,Sabatieria,NA,TRUE,FALSE,FALSE,FALSE,FALSE,FALSE,FALSE,FALSE,FALSE,FALSE,FALSE,FALSE,FALSE,FALSE,TRUE,FALSE,FALSE
2436,Araeolaimus,Nematoda,Chromadorea,Araeolaimida,Diplopeltidae,Araeolaimus,NA,TRUE,FALSE,FALSE,FALSE,FALSE,FALSE,FALSE,FALSE,FALSE,FALSE,FALSE,FALSE,FALSE,FALSE,TRUE,FALSE,FALSE
111851,Lagotia,Ciliophora,Heterotrichea,Heterotrichida,Folliculinidae,Lagotia,NA,TRUE,FALSE,FALSE,FALSE,FALSE,FALSE,FALSE,FALSE,FALSE,FALSE,FALSE,FALSE,FALSE,FALSE,TRUE,FALSE,FALSE
113634,Planorbulina mediterranensis,Foraminifera,Globothalamea,Rotaliida,Planorbulinidae,Planorbulina,NA,TRUE,FALSE,TRUE,FALSE,FALSE,FALSE,FALSE,FALSE,FALSE,FALSE,FALSE,FALSE,FALSE,FALSE,TRUE,FALSE,FALSE
2174,Meyliidae,Nematoda,Chromadorea,Desmoscolecida,Meyliidae,NA,NA,TRUE,FALSE,FALSE,FALSE,FALSE,FALSE,FALSE,FALSE,FALSE,FALSE,FALSE,FALSE,FALSE,FALSE,TRUE,FALSE,FALSE
127637,Leptocythere,Arthropoda,Ostracoda,Podocopida,Leptocytheridae,Leptocythere,NA,TRUE,FALSE,FALSE,FALSE,FALSE,FALSE,FALSE,FALSE,FALSE,FALSE,FALSE,FALSE,FALSE,FALSE,TRUE,FALSE,FALSE
196139,Cylindroleberididae,Arthropoda,Ostracoda,Myodocopida,Cylindroleberididae,NA,NA,FALSE,FALSE,FALSE,FALSE,FALSE,FALSE,FALSE,FALSE,FALSE,FALSE,FALSE,FALSE,FALSE,FALSE,TRUE,FALSE,FALSE
127481,Cypridinidae,Arthropoda,Ostracoda,Myodocopida,Cypridinidae,NA,NA,FALSE,FALSE,FALSE,FALSE,FALSE,FALSE,FALSE,FALSE,FALSE,FALSE,FALSE,FALSE,FALSE,FALSE,TRUE,FALSE,FALSE
115181,Thalestridae,Arthropoda,Hexanauplia,Harpacticoida,Thalestridae,NA,NA,TRUE,FALSE,FALSE,FALSE,FALSE,FALSE,FALSE,FALSE,FALSE,FALSE,FALSE,FALSE,FALSE,FALSE,TRUE,FALSE,FALSE
415154,Candona,Arthropoda,Ostracoda,Podocopida,Candonidae,Candona,NA,TRUE,FALSE,FALSE,FALSE,FALSE,FALSE,FALSE,FALSE,FALSE,FALSE,FALSE,FALSE,FALSE,FALSE,TRUE,FALSE,FALSE
558758,Candona neglecta,Arthropoda,Ostracoda,Podocopida,Candonidae,Candona,NA,TRUE,FALSE,FALSE,FALSE,FALSE,FALSE,FALSE,FALSE,FALSE,FALSE,FALSE,FALSE,FALSE,FALSE,TRUE,FALSE,FALSE
115143,Cletodidae,Arthropoda,Hexanauplia,Harpacticoida,Cletodidae,NA,NA,TRUE,FALSE,FALSE,FALSE,FALSE,FALSE,FALSE,FALSE,FALSE,FALSE,FALSE,FALSE,FALSE,FALSE,TRUE,FALSE,FALSE
115205,Pseudameira,Arthropoda,Hexanauplia,Harpacticoida,Ameiridae,Pseudameira,NA,TRUE,FALSE,FALSE,FALSE,FALSE,FALSE,FALSE,FALSE,FALSE,FALSE,FALSE,FALSE,FALSE,FALSE,TRUE,FALSE,FALSE
115263,Cletodes,Arthropoda,Hexanauplia,Harpacticoida,Cletodidae,Cletodes,NA,TRUE,FALSE,FALSE,FALSE,FALSE,FALSE,FALSE,FALSE,FALSE,FALSE,FALSE,FALSE,FALSE,FALSE,TRUE,FALSE,FALSE
115264,Enhydrosoma,Arthropoda,Hexanauplia,Harpacticoida,Cletodidae,Enhydrosoma,NA,TRUE,FALSE,FALSE,FALSE,FALSE,FALSE,FALSE,FALSE,FALSE,FALSE,FALSE,FALSE,FALSE,FALSE,TRUE,FALSE,FALSE
115305,Amphiascus,Arthropoda,Hexanauplia,Harpacticoida,Miraciidae,Amphiascus,NA,TRUE,FALSE,FALSE,FALSE,FALSE,FALSE,FALSE,FALSE,FALSE,FALSE,FALSE,FALSE,FALSE,FALSE,TRUE,FALSE,FALSE
115329,Typhlamphiascus,Arthropoda,Hexanauplia,Harpacticoida,Miraciidae,Typhlamphiascus,NA,TRUE,FALSE,FALSE,FALSE,FALSE,FALSE,FALSE,FALSE,FALSE,FALSE,FALSE,FALSE,FALSE,FALSE,TRUE,FALSE,FALSE
115331,Bradya,Arthropoda,Hexanauplia,Harpacticoida,Ectinosomatidae,Bradya,NA,TRUE,FALSE,FALSE,FALSE,FALSE,FALSE,FALSE,FALSE,FALSE,FALSE,FALSE,FALSE,FALSE,FALSE,TRUE,FALSE,FALSE
115482,Tachidiella,Arthropoda,Hexanauplia,Harpacticoida,Idyanthidae,Tachidiella,NA,TRUE,FALSE,FALSE,FALSE,FALSE,FALSE,FALSE,FALSE,FALSE,FALSE,FALSE,FALSE,FALSE,FALSE,TRUE,FALSE,FALSE
115485,Zosime,Arthropoda,Hexanauplia,Harpacticoida,Zosimeidae,Zosime,NA,TRUE,FALSE,FALSE,FALSE,FALSE,FALSE,FALSE,FALSE,FALSE,FALSE,FALSE,FALSE,FALSE,FALSE,TRUE,FALSE,FALSE
115539,Filexilia attenuata,Arthropoda,Hexanauplia,Harpacticoida,Ameiridae,Filexilia,NA,TRUE,FALSE,FALSE,FALSE,FALSE,FALSE,FALSE,FALSE,FALSE,FALSE,FALSE,FALSE,FALSE,FALSE,TRUE,FALSE,FALSE
115588,Proameira echinipes,Arthropoda,Hexanauplia,Harpacticoida,Ameiridae,Proameira,NA,TRUE,FALSE,FALSE,FALSE,FALSE,FALSE,FALSE,FALSE,FALSE,FALSE,FALSE,FALSE,FALSE,FALSE,TRUE,FALSE,FALSE
115720,Pusillargillus nixe,Arthropoda,Hexanauplia,Harpacticoida,Harpacticoida incertae sedis,Pusillargillus,NA,TRUE,FALSE,FALSE,FALSE,FALSE,FALSE,FALSE,FALSE,FALSE,FALSE,FALSE,FALSE,FALSE,FALSE,TRUE,FALSE,FALSE
115763,Acrenhydrosoma perplexum,Arthropoda,Hexanauplia,Harpacticoida,Cletodidae,Acrenhydrosoma,NA,TRUE,FALSE,FALSE,FALSE,FALSE,FALSE,FALSE,FALSE,FALSE,FALSE,FALSE,FALSE,FALSE,FALSE,TRUE,FALSE,FALSE
115769,Cletodes longicaudatus,Arthropoda,Hexanauplia,Harpacticoida,Cletodidae,Cletodes,NA,TRUE,FALSE,FALSE,FALSE,FALSE,FALSE,FALSE,FALSE,FALSE,FALSE,FALSE,FALSE,FALSE,FALSE,TRUE,FALSE,FALSE
115771,Cletodes pusillus,Arthropoda,Hexanauplia,Harpacticoida,Cletodidae,Cletodes,NA,TRUE,FALSE,FALSE,FALSE,FALSE,FALSE,FALSE,FALSE,FALSE,FALSE,FALSE,FALSE,FALSE,FALSE,TRUE,FALSE,FALSE
115776,Cletodes tenuipes,Arthropoda,Hexanauplia,Harpacticoida,Cletodidae,Cletodes,NA,TRUE,FALSE,FALSE,FALSE,FALSE,FALSE,FALSE,FALSE,FALSE,FALSE,FALSE,FALSE,FALSE,FALSE,TRUE,FALSE,FALSE
115798,Stylicletodes longicaudatus,Arthropoda,Hexanauplia,Harpacticoida,Cletodidae,Stylicletodes,NA,TRUE,FALSE,FALSE,FALSE,FALSE,FALSE,FALSE,FALSE,FALSE,FALSE,FALSE,FALSE,FALSE,FALSE,TRUE,FALSE,FALSE
115863,Psammis longisetosa,Arthropoda,Hexanauplia,Harpacticoida,Pseudotachidiidae,Psammis,NA,TRUE,FALSE,FALSE,FALSE,FALSE,FALSE,FALSE,FALSE,FALSE,FALSE,FALSE,FALSE,FALSE,FALSE,TRUE,FALSE,FALSE
116018,Typhlamphiascus confusus,Arthropoda,Hexanauplia,Harpacticoida,Miraciidae,Typhlamphiascus,NA,TRUE,FALSE,FALSE,FALSE,FALSE,FALSE,FALSE,FALSE,FALSE,FALSE,FALSE,FALSE,FALSE,FALSE,TRUE,FALSE,FALSE
116038,Ectinosoma dentatum,Arthropoda,Hexanauplia,Harpacticoida,Ectinosomatidae,Ectinosoma,NA,TRUE,FALSE,FALSE,FALSE,FALSE,FALSE,FALSE,FALSE,FALSE,FALSE,FALSE,FALSE,FALSE,FALSE,TRUE,FALSE,FALSE
116042,Ectinosoma normani,Arthropoda,Hexanauplia,Harpacticoida,Ectinosomatidae,Ectinosoma,NA,TRUE,FALSE,FALSE,FALSE,FALSE,FALSE,FALSE,FALSE,FALSE,FALSE,FALSE,FALSE,FALSE,FALSE,TRUE,FALSE,FALSE
116222,Corbulaseta bulligera,Arthropoda,Hexanauplia,Harpacticoida,Laophontidae,Corbulaseta,NA,TRUE,FALSE,FALSE,FALSE,FALSE,FALSE,FALSE,FALSE,FALSE,FALSE,FALSE,FALSE,FALSE,FALSE,TRUE,FALSE,FALSE
116269,Laophonte inopinata,Arthropoda,Hexanauplia,Harpacticoida,Laophontidae,Laophonte,NA,TRUE,FALSE,FALSE,FALSE,FALSE,FALSE,FALSE,FALSE,FALSE,FALSE,FALSE,FALSE,FALSE,FALSE,TRUE,FALSE,FALSE
116270,Laophonte inornata,Arthropoda,Hexanauplia,Harpacticoida,Laophontidae,Laophonte,NA,TRUE,FALSE,FALSE,FALSE,FALSE,FALSE,FALSE,FALSE,FALSE,FALSE,FALSE,FALSE,FALSE,FALSE,TRUE,FALSE,FALSE
116316,Pseudolaophonte spinosa,Arthropoda,Hexanauplia,Harpacticoida,Laophontidae,Pseudolaophonte,NA,TRUE,FALSE,FALSE,FALSE,FALSE,FALSE,FALSE,FALSE,FALSE,FALSE,FALSE,FALSE,FALSE,FALSE,TRUE,FALSE,FALSE
116479,Rhizothrix curvata,Arthropoda,Hexanauplia,Harpacticoida,Rhizotrichidae,Rhizothrix,NA,TRUE,FALSE,FALSE,FALSE,FALSE,FALSE,FALSE,FALSE,FALSE,FALSE,FALSE,FALSE,FALSE,FALSE,TRUE,FALSE,FALSE
116498,Microarthridion littorale,Arthropoda,Hexanauplia,Harpacticoida,Tachidiidae,Microarthridion,NA,TRUE,FALSE,FALSE,FALSE,FALSE,FALSE,FALSE,FALSE,FALSE,FALSE,FALSE,FALSE,FALSE,FALSE,TRUE,FALSE,FALSE
116636,Idyella major,Arthropoda,Hexanauplia,Harpacticoida,Idyanthidae,Idyella,NA,TRUE,FALSE,FALSE,FALSE,FALSE,FALSE,FALSE,FALSE,FALSE,FALSE,FALSE,FALSE,FALSE,FALSE,TRUE,FALSE,FALSE
116628,Thompsonula hyaenae,Arthropoda,Hexanauplia,Harpacticoida,Thompsonulidae,Thompsonula,NA,TRUE,FALSE,FALSE,FALSE,FALSE,FALSE,FALSE,FALSE,FALSE,FALSE,FALSE,FALSE,FALSE,FALSE,TRUE,FALSE,FALSE
116634,Idyella exigua,Arthropoda,Hexanauplia,Harpacticoida,Idyanthidae,Idyella,NA,TRUE,FALSE,FALSE,FALSE,FALSE,FALSE,FALSE,FALSE,FALSE,FALSE,FALSE,FALSE,FALSE,FALSE,TRUE,FALSE,FALSE
116637,Idyella pallidula,Arthropoda,Hexanauplia,Harpacticoida,Idyanthidae,Idyella,NA,TRUE,FALSE,FALSE,FALSE,FALSE,FALSE,FALSE,FALSE,FALSE,FALSE,FALSE,FALSE,FALSE,FALSE,TRUE,FALSE,FALSE
116638,Idyellopsis typica,Arthropoda,Hexanauplia,Harpacticoida,Idyanthidae,Idyellopsis,NA,TRUE,FALSE,FALSE,FALSE,FALSE,FALSE,FALSE,FALSE,FALSE,FALSE,FALSE,FALSE,FALSE,FALSE,TRUE,FALSE,FALSE
116695,Zosime major,Arthropoda,Hexanauplia,Harpacticoida,Zosimeidae,Zosime,NA,TRUE,FALSE,FALSE,FALSE,FALSE,FALSE,FALSE,FALSE,FALSE,FALSE,FALSE,FALSE,FALSE,FALSE,TRUE,FALSE,FALSE
116722,Eurycletodes (Oligocletodes) latus,Arthropoda,Hexanauplia,Harpacticoida,Argestidae,Eurycletodes,Oligocletodes,TRUE,FALSE,FALSE,FALSE,FALSE,FALSE,FALSE,FALSE,FALSE,FALSE,FALSE,FALSE,FALSE,FALSE,TRUE,FALSE,FALSE
116814,Tachidius (Tachidius) discipes,Arthropoda,Hexanauplia,Harpacticoida,Tachidiidae,Tachidius,Tachidius,TRUE,FALSE,FALSE,FALSE,FALSE,FALSE,FALSE,FALSE,FALSE,FALSE,FALSE,FALSE,FALSE,FALSE,TRUE,FALSE,FALSE
116877,Laophonte elongata elongata,Arthropoda,Hexanauplia,Harpacticoida,Laophontidae,Laophonte,NA,TRUE,FALSE,FALSE,FALSE,FALSE,FALSE,FALSE,FALSE,FALSE,FALSE,FALSE,FALSE,FALSE,FALSE,TRUE,FALSE,FALSE
116913,Zosime incrassata incrassata,Arthropoda,Hexanauplia,Harpacticoida,Zosimeidae,Zosime,NA,TRUE,FALSE,FALSE,FALSE,FALSE,FALSE,FALSE,FALSE,FALSE,FALSE,FALSE,FALSE,FALSE,FALSE,TRUE,FALSE,FALSE
127719,Philomedes globosus,Arthropoda,Ostracoda,Myodocopida,Philomedidae,Philomedes,NA,FALSE,FALSE,FALSE,FALSE,FALSE,FALSE,FALSE,FALSE,FALSE,FALSE,FALSE,FALSE,FALSE,FALSE,TRUE,FALSE,FALSE
150088,Zosimeidae,Arthropoda,Hexanauplia,Harpacticoida,Zosimeidae,NA,NA,TRUE,FALSE,FALSE,FALSE,FALSE,FALSE,FALSE,FALSE,FALSE,FALSE,FALSE,FALSE,FALSE,FALSE,TRUE,FALSE,FALSE
549121,Sarsamphiascus minutus,Arthropoda,Hexanauplia,Harpacticoida,Miraciidae,Sarsamphiascus,NA,TRUE,FALSE,FALSE,FALSE,FALSE,FALSE,FALSE,FALSE,FALSE,FALSE,FALSE,FALSE,FALSE,FALSE,TRUE,FALSE,FALSE
115147,Cylindropsyllidae,Arthropoda,Hexanauplia,Harpacticoida,Cylindropsyllidae,NA,NA,TRUE,FALSE,FALSE,FALSE,FALSE,FALSE,FALSE,FALSE,FALSE,FALSE,FALSE,FALSE,FALSE,FALSE,TRUE,FALSE,FALSE
115158,Leptastacidae,Arthropoda,Hexanauplia,Harpacticoida,Leptastacidae,NA,NA,TRUE,FALSE,FALSE,FALSE,FALSE,FALSE,FALSE,FALSE,FALSE,FALSE,FALSE,FALSE,FALSE,FALSE,TRUE,FALSE,FALSE
115374,Laophonte,Arthropoda,Hexanauplia,Harpacticoida,Laophontidae,Laophonte,NA,TRUE,FALSE,FALSE,FALSE,FALSE,FALSE,FALSE,FALSE,FALSE,FALSE,FALSE,FALSE,FALSE,FALSE,TRUE,FALSE,FALSE
115401,Leptopontia,Arthropoda,Hexanauplia,Harpacticoida,Leptopontiidae,Leptopontia,NA,TRUE,FALSE,FALSE,FALSE,FALSE,FALSE,FALSE,FALSE,FALSE,FALSE,FALSE,FALSE,FALSE,FALSE,TRUE,FALSE,FALSE
115422,Paramesochra,Arthropoda,Hexanauplia,Harpacticoida,Paramesochridae,Paramesochra,NA,TRUE,FALSE,FALSE,FALSE,FALSE,FALSE,FALSE,FALSE,FALSE,FALSE,FALSE,FALSE,FALSE,FALSE,TRUE,FALSE,FALSE
115424,Scottopsyllus,Arthropoda,Hexanauplia,Harpacticoida,Paramesochridae,Scottopsyllus,NA,TRUE,FALSE,FALSE,FALSE,FALSE,FALSE,FALSE,FALSE,FALSE,FALSE,FALSE,FALSE,FALSE,FALSE,TRUE,FALSE,FALSE
115453,Pteropsyllus,Arthropoda,Hexanauplia,Harpacticoida,Tetragonicipitidae,Pteropsyllus,NA,TRUE,FALSE,FALSE,FALSE,FALSE,FALSE,FALSE,FALSE,FALSE,FALSE,FALSE,FALSE,FALSE,FALSE,TRUE,FALSE,FALSE
115454,Tetragoniceps,Arthropoda,Hexanauplia,Harpacticoida,Tetragonicipitidae,Tetragoniceps,NA,TRUE,FALSE,FALSE,FALSE,FALSE,FALSE,FALSE,FALSE,FALSE,FALSE,FALSE,FALSE,FALSE,FALSE,TRUE,FALSE,FALSE
115470,Thalestris,Arthropoda,Hexanauplia,Harpacticoida,Thalestridae,Thalestris,NA,TRUE,FALSE,FALSE,FALSE,FALSE,FALSE,FALSE,FALSE,FALSE,FALSE,FALSE,FALSE,FALSE,FALSE,TRUE,FALSE,FALSE
115523,Ameira pusilla,Arthropoda,Hexanauplia,Harpacticoida,Ameiridae,Ameira,NA,TRUE,FALSE,FALSE,FALSE,FALSE,FALSE,FALSE,FALSE,FALSE,FALSE,FALSE,FALSE,FALSE,FALSE,TRUE,FALSE,FALSE
115592,Proameira signata,Arthropoda,Hexanauplia,Harpacticoida,Ameiridae,Proameira,NA,TRUE,FALSE,FALSE,FALSE,FALSE,FALSE,FALSE,FALSE,FALSE,FALSE,FALSE,FALSE,FALSE,FALSE,TRUE,FALSE,FALSE
115593,Proameira simplex,Arthropoda,Hexanauplia,Harpacticoida,Ameiridae,Proameira,NA,TRUE,FALSE,FALSE,FALSE,FALSE,FALSE,FALSE,FALSE,FALSE,FALSE,FALSE,FALSE,FALSE,FALSE,TRUE,FALSE,FALSE
115807,Boreopontia heipi,Arthropoda,Hexanauplia,Harpacticoida,Cylindropsyllidae,Boreopontia,NA,TRUE,FALSE,FALSE,FALSE,FALSE,FALSE,FALSE,FALSE,FALSE,FALSE,FALSE,FALSE,FALSE,FALSE,TRUE,FALSE,FALSE
115821,Stenocaris minor,Arthropoda,Hexanauplia,Harpacticoida,Canthocamptidae,Stenocaris,NA,TRUE,FALSE,FALSE,FALSE,FALSE,FALSE,FALSE,FALSE,FALSE,FALSE,FALSE,FALSE,FALSE,FALSE,TRUE,FALSE,FALSE
116070,Halectinosoma distinctum,Arthropoda,Hexanauplia,Harpacticoida,Ectinosomatidae,Halectinosoma,NA,TRUE,FALSE,FALSE,FALSE,FALSE,FALSE,FALSE,FALSE,FALSE,FALSE,FALSE,FALSE,FALSE,FALSE,TRUE,FALSE,FALSE
116115,Microsetella norvegica,Arthropoda,Hexanauplia,Harpacticoida,Ectinosomatidae,Microsetella,NA,TRUE,FALSE,FALSE,FALSE,FALSE,FALSE,FALSE,FALSE,FALSE,FALSE,FALSE,FALSE,FALSE,FALSE,TRUE,FALSE,FALSE
116216,Asellopsis hispida,Arthropoda,Hexanauplia,Harpacticoida,Laophontidae,Asellopsis,NA,TRUE,FALSE,FALSE,FALSE,FALSE,FALSE,FALSE,FALSE,FALSE,FALSE,FALSE,FALSE,FALSE,FALSE,TRUE,FALSE,FALSE
116295,Paralaophonte macera,Arthropoda,Hexanauplia,Harpacticoida,Laophontidae,Paralaophonte,NA,TRUE,FALSE,FALSE,FALSE,FALSE,FALSE,FALSE,FALSE,FALSE,FALSE,FALSE,FALSE,FALSE,FALSE,TRUE,FALSE,FALSE
116364,Syrticola flandricus,Arthropoda,Hexanauplia,Harpacticoida,Leptopontiidae,Syrticola,NA,TRUE,FALSE,FALSE,FALSE,FALSE,FALSE,FALSE,FALSE,FALSE,FALSE,FALSE,FALSE,FALSE,FALSE,TRUE,FALSE,FALSE
116392,Normanella minuta,Arthropoda,Hexanauplia,Harpacticoida,Normanellidae,Normanella,NA,TRUE,FALSE,FALSE,FALSE,FALSE,FALSE,FALSE,FALSE,FALSE,FALSE,FALSE,FALSE,FALSE,FALSE,TRUE,FALSE,FALSE
116440,Paramesochra similis,Arthropoda,Hexanauplia,Harpacticoida,Paramesochridae,Paramesochra,NA,TRUE,FALSE,FALSE,FALSE,FALSE,FALSE,FALSE,FALSE,FALSE,FALSE,FALSE,FALSE,FALSE,FALSE,TRUE,FALSE,FALSE
116541,Pteropsyllus consimilis,Arthropoda,Hexanauplia,Harpacticoida,Tetragonicipitidae,Pteropsyllus,NA,TRUE,FALSE,FALSE,FALSE,FALSE,FALSE,FALSE,FALSE,FALSE,FALSE,FALSE,FALSE,FALSE,FALSE,TRUE,FALSE,FALSE
116800,Leptopsyllus (Leptopsyllus) elongatus,Arthropoda,Hexanauplia,Harpacticoida,Paramesochridae,Leptopsyllus,Leptopsyllus,TRUE,FALSE,FALSE,FALSE,FALSE,FALSE,FALSE,FALSE,FALSE,FALSE,FALSE,FALSE,FALSE,FALSE,TRUE,FALSE,FALSE
116911,Tisbe furcata furcata,Arthropoda,Hexanauplia,Harpacticoida,Tisbidae,Tisbe,NA,TRUE,FALSE,FALSE,FALSE,FALSE,FALSE,FALSE,FALSE,FALSE,FALSE,FALSE,FALSE,FALSE,FALSE,TRUE,FALSE,FALSE
534155,Emertonia perharidiensis,Arthropoda,Hexanauplia,Harpacticoida,Paramesochridae,Emertonia,NA,TRUE,FALSE,FALSE,FALSE,FALSE,FALSE,FALSE,FALSE,FALSE,FALSE,FALSE,FALSE,FALSE,FALSE,TRUE,FALSE,FALSE
127731,Vargula norvegica,Arthropoda,Ostracoda,Myodocopida,Cypridinidae,Vargula,NA,FALSE,FALSE,FALSE,FALSE,FALSE,FALSE,FALSE,FALSE,FALSE,FALSE,FALSE,FALSE,FALSE,FALSE,TRUE,FALSE,FALSE
128460,Philomedes (Philomedes) lilljeborgi,Arthropoda,Ostracoda,Myodocopida,Philomedidae,Philomedes,Philomedes,FALSE,FALSE,FALSE,FALSE,FALSE,FALSE,FALSE,FALSE,FALSE,FALSE,FALSE,FALSE,FALSE,FALSE,TRUE,FALSE,FALSE
112674,Quinqueloculina seminula,Foraminifera,Tubothalamea,Miliolida,Hauerinidae,Quinqueloculina,NA,FALSE,FALSE,FALSE,FALSE,FALSE,FALSE,FALSE,FALSE,FALSE,FALSE,FALSE,FALSE,FALSE,FALSE,TRUE,FALSE,FALSE
113052,Fursenkoina acuta,Foraminifera,Globothalamea,Rotaliida,Bolivinitidae,Fursenkoina,NA,FALSE,FALSE,FALSE,FALSE,FALSE,FALSE,FALSE,FALSE,FALSE,FALSE,FALSE,FALSE,FALSE,FALSE,TRUE,FALSE,FALSE
113118,Lobatula lobatula,Foraminifera,Globothalamea,Rotaliida,Cibicididae,Lobatula,NA,FALSE,FALSE,FALSE,FALSE,FALSE,FALSE,FALSE,FALSE,FALSE,FALSE,FALSE,FALSE,FALSE,FALSE,TRUE,FALSE,FALSE
113481,Rupertina stabilis,Foraminifera,Globothalamea,Rotaliida,Rosalinidae,Rupertina,NA,TRUE,FALSE,TRUE,FALSE,FALSE,FALSE,FALSE,FALSE,FALSE,FALSE,FALSE,FALSE,FALSE,FALSE,TRUE,FALSE,FALSE
1046399,Fissurina (Fissurina) orbignyana,Foraminifera,Nodosariata,Polymorphinida,Ellipsolagenidae,Fissurina,Fissurina,FALSE,FALSE,FALSE,FALSE,FALSE,FALSE,FALSE,FALSE,FALSE,FALSE,FALSE,FALSE,FALSE,FALSE,TRUE,FALSE,FALSE
1457624,Epistominella nipponica,Foraminifera,Globothalamea,Rotaliida,Pseudoparrellidae,Epistominella,NA,FALSE,FALSE,FALSE,FALSE,FALSE,FALSE,FALSE,FALSE,FALSE,FALSE,FALSE,FALSE,FALSE,FALSE,TRUE,FALSE,FALSE
115225,Eurycletodes,Arthropoda,Hexanauplia,Harpacticoida,Argestidae,Eurycletodes,NA,TRUE,FALSE,FALSE,FALSE,FALSE,FALSE,FALSE,FALSE,FALSE,FALSE,FALSE,FALSE,FALSE,FALSE,TRUE,FALSE,FALSE
115239,Heteropsyllus,Arthropoda,Hexanauplia,Harpacticoida,Canthocamptidae,Heteropsyllus,NA,TRUE,FALSE,FALSE,FALSE,FALSE,FALSE,FALSE,FALSE,FALSE,FALSE,FALSE,FALSE,FALSE,FALSE,TRUE,FALSE,FALSE
115559,Malacopsyllus fragilis,Arthropoda,Hexanauplia,Harpacticoida,Ameiridae,Malacopsyllus,NA,TRUE,FALSE,FALSE,FALSE,FALSE,FALSE,FALSE,FALSE,FALSE,FALSE,FALSE,FALSE,FALSE,FALSE,TRUE,FALSE,FALSE
115623,Stenocopia setosa,Arthropoda,Hexanauplia,Harpacticoida,Ameiridae,Stenocopia,NA,TRUE,FALSE,FALSE,FALSE,FALSE,FALSE,FALSE,FALSE,FALSE,FALSE,FALSE,FALSE,FALSE,FALSE,TRUE,FALSE,FALSE
115625,Ancorabolus mirabilis,Arthropoda,Hexanauplia,Harpacticoida,Ancorabolidae,Ancorabolus,NA,TRUE,FALSE,FALSE,FALSE,FALSE,FALSE,FALSE,FALSE,FALSE,FALSE,FALSE,FALSE,FALSE,FALSE,TRUE,FALSE,FALSE
115628,Ceratonotus pectinatus,Arthropoda,Hexanauplia,Harpacticoida,Ancorabolidae,Ceratonotus,NA,TRUE,FALSE,FALSE,FALSE,FALSE,FALSE,FALSE,FALSE,FALSE,FALSE,FALSE,FALSE,FALSE,FALSE,TRUE,FALSE,FALSE
115631,Echinopsyllus normani,Arthropoda,Hexanauplia,Harpacticoida,Ancorabolidae,Echinopsyllus,NA,TRUE,FALSE,FALSE,FALSE,FALSE,FALSE,FALSE,FALSE,FALSE,FALSE,FALSE,FALSE,FALSE,FALSE,TRUE,FALSE,FALSE
115639,Argestes mollis,Arthropoda,Hexanauplia,Harpacticoida,Argestidae,Argestes,NA,TRUE,FALSE,FALSE,FALSE,FALSE,FALSE,FALSE,FALSE,FALSE,FALSE,FALSE,FALSE,FALSE,FALSE,TRUE,FALSE,FALSE
115658,Mesocletodes fladensis,Arthropoda,Hexanauplia,Harpacticoida,Argestidae,Mesocletodes,NA,TRUE,FALSE,FALSE,FALSE,FALSE,FALSE,FALSE,FALSE,FALSE,FALSE,FALSE,FALSE,FALSE,FALSE,TRUE,FALSE,FALSE
115662,Mesocletodes irrasus,Arthropoda,Hexanauplia,Harpacticoida,Argestidae,Mesocletodes,NA,TRUE,FALSE,FALSE,FALSE,FALSE,FALSE,FALSE,FALSE,FALSE,FALSE,FALSE,FALSE,FALSE,FALSE,TRUE,FALSE,FALSE
115688,Heteropsyllus major,Arthropoda,Hexanauplia,Harpacticoida,Canthocamptidae,Heteropsyllus,NA,TRUE,FALSE,FALSE,FALSE,FALSE,FALSE,FALSE,FALSE,FALSE,FALSE,FALSE,FALSE,FALSE,FALSE,TRUE,FALSE,FALSE
115733,Cervinia bradyi,Arthropoda,Hexanauplia,Harpacticoida,Aegisthidae,Cervinia,NA,TRUE,FALSE,FALSE,FALSE,FALSE,FALSE,FALSE,FALSE,FALSE,FALSE,FALSE,FALSE,FALSE,FALSE,TRUE,FALSE,FALSE
115739,Cerviniopsis clavicornis,Arthropoda,Hexanauplia,Harpacticoida,Aegisthidae,Cerviniopsis,NA,TRUE,FALSE,FALSE,FALSE,FALSE,FALSE,FALSE,FALSE,FALSE,FALSE,FALSE,FALSE,FALSE,FALSE,TRUE,FALSE,FALSE
115746,Eucanuella spinifera,Arthropoda,Hexanauplia,Harpacticoida,Aegisthidae,Eucanuella,NA,TRUE,FALSE,FALSE,FALSE,FALSE,FALSE,FALSE,FALSE,FALSE,FALSE,FALSE,FALSE,FALSE,FALSE,TRUE,FALSE,FALSE
116020,Typhlamphiascus gracilis,Arthropoda,Hexanauplia,Harpacticoida,Miraciidae,Typhlamphiascus,NA,TRUE,FALSE,FALSE,FALSE,FALSE,FALSE,FALSE,FALSE,FALSE,FALSE,FALSE,FALSE,FALSE,FALSE,TRUE,FALSE,FALSE
116608,Pseudotachidius coronatus,Arthropoda,Hexanauplia,Harpacticoida,Pseudotachidiidae,Pseudotachidius,NA,TRUE,FALSE,FALSE,FALSE,FALSE,FALSE,FALSE,FALSE,FALSE,FALSE,FALSE,FALSE,FALSE,FALSE,TRUE,FALSE,FALSE
116633,Idyanthe pusilla,Arthropoda,Hexanauplia,Harpacticoida,Idyanthidae,Idyanthe,NA,TRUE,FALSE,FALSE,FALSE,FALSE,FALSE,FALSE,FALSE,FALSE,FALSE,FALSE,FALSE,FALSE,FALSE,TRUE,FALSE,FALSE
116701,Zosime valida,Arthropoda,Hexanauplia,Harpacticoida,Zosimeidae,Zosime,NA,TRUE,FALSE,FALSE,FALSE,FALSE,FALSE,FALSE,FALSE,FALSE,FALSE,FALSE,FALSE,FALSE,FALSE,TRUE,FALSE,FALSE
116725,Eurycletodes (Oligocletodes) oblongus,Arthropoda,Hexanauplia,Harpacticoida,Argestidae,Eurycletodes,Oligocletodes,TRUE,FALSE,FALSE,FALSE,FALSE,FALSE,FALSE,FALSE,FALSE,FALSE,FALSE,FALSE,FALSE,FALSE,TRUE,FALSE,FALSE
116730,Eurycletodes (Oligocletodes) similis,Arthropoda,Hexanauplia,Harpacticoida,Argestidae,Eurycletodes,Oligocletodes,TRUE,FALSE,FALSE,FALSE,FALSE,FALSE,FALSE,FALSE,FALSE,FALSE,FALSE,FALSE,FALSE,FALSE,TRUE,FALSE,FALSE
116840,Stenocopia longicaudata longicaudata,Arthropoda,Hexanauplia,Harpacticoida,Ameiridae,Stenocopia,NA,TRUE,FALSE,FALSE,FALSE,FALSE,FALSE,FALSE,FALSE,FALSE,FALSE,FALSE,FALSE,FALSE,FALSE,TRUE,FALSE,FALSE
416427,Anoplosomella sordidum,Arthropoda,Hexanauplia,Harpacticoida,Ameiridae,Anoplosomella,NA,FALSE,FALSE,FALSE,FALSE,FALSE,FALSE,FALSE,FALSE,FALSE,FALSE,FALSE,FALSE,FALSE,FALSE,TRUE,FALSE,FALSE
744775,Cervinia synarthra synartha,Arthropoda,Hexanauplia,Harpacticoida,Aegisthidae,Cervinia,NA,TRUE,FALSE,FALSE,FALSE,FALSE,FALSE,FALSE,FALSE,FALSE,FALSE,FALSE,FALSE,FALSE,FALSE,TRUE,FALSE,FALSE
127718,Philomedes brenda,Arthropoda,Ostracoda,Myodocopida,Philomedidae,Philomedes,NA,FALSE,FALSE,FALSE,FALSE,FALSE,FALSE,FALSE,FALSE,FALSE,FALSE,FALSE,FALSE,FALSE,FALSE,TRUE,FALSE,FALSE
127708,Synasterope norvegica,Arthropoda,Ostracoda,Myodocopida,Cylindroleberididae,Synasterope,NA,FALSE,FALSE,FALSE,FALSE,FALSE,FALSE,FALSE,FALSE,FALSE,FALSE,FALSE,FALSE,FALSE,FALSE,TRUE,FALSE,FALSE
115400,Schizothrix,Arthropoda,Hexanauplia,Harpacticoida,Leptastacidae,Schizothrix,NA,TRUE,FALSE,FALSE,FALSE,FALSE,FALSE,FALSE,FALSE,FALSE,FALSE,FALSE,FALSE,FALSE,FALSE,TRUE,FALSE,FALSE
772698,Actinocythereis dunelmensis,Arthropoda,Ostracoda,Podocopida,Trachyleberididae,Actinocythereis,NA,TRUE,FALSE,FALSE,FALSE,FALSE,FALSE,FALSE,FALSE,FALSE,FALSE,FALSE,FALSE,FALSE,FALSE,TRUE,FALSE,FALSE
122252,Tripyloides gracilis,Nematoda,Enoplea,Enoplida,Tripyloididae,Tripyloides,NA,TRUE,FALSE,FALSE,FALSE,FALSE,FALSE,FALSE,FALSE,FALSE,FALSE,FALSE,FALSE,FALSE,FALSE,TRUE,FALSE,FALSE
127662,Paradoxostoma,Arthropoda,Ostracoda,Podocopida,Paradoxostomatidae,Paradoxostoma,NA,TRUE,FALSE,FALSE,FALSE,FALSE,FALSE,FALSE,FALSE,FALSE,FALSE,FALSE,FALSE,FALSE,FALSE,TRUE,FALSE,FALSE
127599,Sarsicytheridea,Arthropoda,Ostracoda,Podocopida,Cytherideidae,Sarsicytheridea,NA,TRUE,FALSE,FALSE,FALSE,FALSE,FALSE,FALSE,FALSE,FALSE,FALSE,FALSE,FALSE,FALSE,FALSE,TRUE,FALSE,FALSE
128392,Robertsonites tuberculatus,Arthropoda,Ostracoda,Podocopida,Trachyleberididae,Robertsonites,NA,TRUE,FALSE,FALSE,FALSE,FALSE,FALSE,FALSE,FALSE,FALSE,FALSE,FALSE,FALSE,FALSE,FALSE,TRUE,FALSE,FALSE
115135,Ameiridae,Arthropoda,Hexanauplia,Harpacticoida,Ameiridae,NA,NA,TRUE,FALSE,FALSE,FALSE,FALSE,FALSE,FALSE,FALSE,FALSE,FALSE,FALSE,FALSE,FALSE,FALSE,TRUE,FALSE,FALSE
115519,Ameira minuta,Arthropoda,Hexanauplia,Harpacticoida,Ameiridae,Ameira,NA,TRUE,FALSE,FALSE,FALSE,FALSE,FALSE,FALSE,FALSE,FALSE,FALSE,FALSE,FALSE,FALSE,FALSE,TRUE,FALSE,FALSE
115780,Enhydrosoma gariene,Arthropoda,Hexanauplia,Harpacticoida,Cletodidae,Enhydrosoma,NA,TRUE,FALSE,FALSE,FALSE,FALSE,FALSE,FALSE,FALSE,FALSE,FALSE,FALSE,FALSE,FALSE,FALSE,TRUE,FALSE,FALSE
116441,Remanea arenicola,Arthropoda,Hexanauplia,Harpacticoida,Paramesochridae,Remanea,NA,TRUE,FALSE,FALSE,FALSE,FALSE,FALSE,FALSE,FALSE,FALSE,FALSE,FALSE,FALSE,FALSE,FALSE,TRUE,FALSE,FALSE
116550,Dactylopodella flava,Arthropoda,Hexanauplia,Harpacticoida,Pseudotachidiidae,Dactylopodella,NA,TRUE,FALSE,FALSE,FALSE,FALSE,FALSE,FALSE,FALSE,FALSE,FALSE,FALSE,FALSE,FALSE,FALSE,TRUE,FALSE,FALSE
116667,Tisbe gracilis,Arthropoda,Hexanauplia,Harpacticoida,Tisbidae,Tisbe,NA,TRUE,FALSE,FALSE,FALSE,FALSE,FALSE,FALSE,FALSE,FALSE,FALSE,FALSE,FALSE,FALSE,FALSE,TRUE,FALSE,FALSE
116906,Dactylopusia vulgaris vulgaris,Arthropoda,Hexanauplia,Harpacticoida,Dactylopusiidae,Dactylopusia,NA,TRUE,FALSE,FALSE,FALSE,FALSE,FALSE,FALSE,FALSE,FALSE,FALSE,FALSE,FALSE,FALSE,FALSE,TRUE,FALSE,FALSE
112901,Gyroidina soldanii,Foraminifera,Globothalamea,Rotaliida,Gavelinellidae,Gyroidina,NA,FALSE,FALSE,FALSE,FALSE,FALSE,FALSE,FALSE,FALSE,FALSE,FALSE,FALSE,FALSE,FALSE,FALSE,TRUE,FALSE,FALSE
113985,Hormosinella guttifera,Foraminifera,Nodosariata,NA,Hormosinellidae,Hormosinella,NA,FALSE,FALSE,FALSE,FALSE,FALSE,FALSE,FALSE,FALSE,FALSE,FALSE,FALSE,FALSE,FALSE,FALSE,TRUE,FALSE,FALSE
293026,Nonionella labradorica,Foraminifera,Globothalamea,Rotaliida,Nonionidae,Nonionella,NA,FALSE,FALSE,FALSE,FALSE,FALSE,FALSE,FALSE,FALSE,FALSE,FALSE,FALSE,FALSE,FALSE,FALSE,TRUE,FALSE,FALSE
582700,Chrysalogonium calomorphum,Foraminifera,Nodosariata,Nodosariida,Chrysalogoniidae,Chrysalogonium,NA,FALSE,FALSE,FALSE,FALSE,FALSE,FALSE,FALSE,FALSE,FALSE,FALSE,FALSE,FALSE,FALSE,FALSE,TRUE,FALSE,FALSE
458914,Trophomera diploptera,Nematoda,Nematoda incertae sedis,Benthimermithida,Benthimermithidae,Trophomera,NA,TRUE,FALSE,FALSE,FALSE,FALSE,FALSE,FALSE,FALSE,FALSE,FALSE,FALSE,FALSE,FALSE,FALSE,TRUE,FALSE,FALSE
556063,Hanzawaia asterizans,Foraminifera,Globothalamea,Rotaliida,Discorbinellidae,Hanzawaia,NA,FALSE,FALSE,FALSE,FALSE,FALSE,FALSE,FALSE,FALSE,FALSE,FALSE,FALSE,FALSE,FALSE,FALSE,TRUE,FALSE,FALSE
600590,Oolina apiculata,Foraminifera,Nodosariata,Polymorphinida,Ellipsolagenidae,Oolina,NA,FALSE,FALSE,FALSE,FALSE,FALSE,FALSE,FALSE,FALSE,FALSE,FALSE,FALSE,FALSE,FALSE,FALSE,TRUE,FALSE,FALSE
115814,Evansula incerta,Arthropoda,Hexanauplia,Harpacticoida,Cylindropsyllidae,Evansula,NA,TRUE,FALSE,FALSE,FALSE,FALSE,FALSE,FALSE,FALSE,FALSE,FALSE,FALSE,FALSE,FALSE,FALSE,TRUE,FALSE,FALSE
115140,Canthocamptidae,Arthropoda,Hexanauplia,Harpacticoida,Canthocamptidae,NA,NA,TRUE,FALSE,FALSE,FALSE,FALSE,FALSE,FALSE,FALSE,FALSE,FALSE,FALSE,FALSE,FALSE,FALSE,TRUE,FALSE,FALSE
